{
  "version": 1,
  "author": "Anonymous maker",
  "editor": "wokwi",
  "parts": [
    { "type": "wokwi-breadboard-half", "id": "bb1", "top": -41.4, "left": 31.6, "attrs": {} },
    { "type": "wokwi-esp32-devkit-v1", "id": "esp", "top": 91.94, "left": -124.26, "attrs": {} },
    { "type": "wokwi-dht22", "id": "dht1", "top": -38.1, "left": 177, "attrs": {} },
    {
      "type": "wokwi-resistor",
      "id": "r1",
      "top": 120,
      "left": 172.25,
      "rotate": 90,
      "attrs": { "value": "1000" }
    }
  ],
  "connections": [
    [ "esp:TX0", "$serialMonitor:RX", "", [] ],
    [ "esp:RX0", "$serialMonitor:TX", "", [] ],
    [ "r1:1", "bb1:16b.h", "", [ "$bb" ] ],
    [ "r1:2", "bb1:bn.13", "", [ "$bb" ] ],
    [ "bb1:18b.h", "bb1:bn.15", "black", [ "v0" ] ],
    [ "bb1:15b.h", "bb1:bp.12", "red", [ "v0" ] ],
    [ "esp:D4", "bb1:16b.g", "violet", [ "h46.18", "v-130.35", "h178.38" ] ],
    [ "esp:3V3", "bb1:bp.1", "red", [ "h80.66", "v-105.54" ] ],
    [ "esp:GND.2", "bb1:bn.5", "black", [ "h-35.96", "v65.74", "h259.22" ] ],
    [ "dht1:VCC", "bb1:15b.f", "", [ "$bb" ] ],
    [ "dht1:SDA", "bb1:16b.f", "", [ "$bb" ] ],
    [ "dht1:NC", "bb1:17b.f", "", [ "$bb" ] ],
    [ "dht1:GND", "bb1:18b.f", "", [ "$bb" ] ]
  ],
  "dependencies": {}
}