{
  "version": 1,
  "author": "Anonymous maker",
  "editor": "wokwi",
  "parts": [
    { "type": "wokwi-esp32-devkit-v1", "id": "esp", "top": 0, "left": 0, "attrs": {} },
    {
      "type": "wokwi-led",
      "id": "led1",
      "top": 40.64,
      "left": -158.46,
      "attrs": { "color": "orange" }
    }
  ],
  "connections": [
    [ "esp:TX0", "$serialMonitor:RX", "", [] ],
    [ "esp:RX0", "$serialMonitor:TX", "", [] ],
    [ "led1:A", "esp:D25", "red", [ "v0" ] ],
    [ "led1:C", "esp:GND.2", "black", [ "v0" ] ]
  ],
  "dependencies": {}
}